{
    "f1": 0.5406593406593406,
    "roc_auc": 0.8445078997685418
}